{
	"info": {
		"_postman_id": "43eb8bee-590b-44e9-a1c3-8f451b74558e",
		"name": "MyKart",
		"schema": "https://schema.getpostman.com/json/collection/v2.0.0/collection.json",
		"_exporter_id": "18733912"
	},
	"item": [
		{
			"name": "User",
			"item": [
				{
					"name": "Add User",
					"request": {
						"method": "POST",
						"header": [
							{
								"key": "",
								"value": "",
								"type": "text"
							}
						],
						"body": {
							"mode": "raw",
							"raw": "{\n    \n    \"userName\":\"adf\",\n    \"email\":\"v@gmail.com\",\n    \"password\":\"123\",\n    \"contactNo\":\"9890987654\",\n    \"userType\":\"SELLER\"\n}",
							"options": {
								"raw": {
									"language": "json"
								}
							}
						},
						"url": "{{URL}}/user/addUser"
					},
					"response": []
				}
			]
		},
		{
			"name": "Category",
			"item": [
				{
					"name": "Get all categories",
					"request": {
						"method": "GET",
						"header": [],
						"url": "{{URL}}/category/getCategories"
					},
					"response": []
				},
				{
					"name": "Add Category",
					"request": {
						"method": "POST",
						"header": [],
						"body": {
							"mode": "raw",
							"raw": "{\n    \"categoryType\":\"ELECTRONICS\",\n    \"Description\":\"Mobiles\"\n}",
							"options": {
								"raw": {
									"language": "json"
								}
							}
						},
						"url": "{{URL}}/category/addCategory"
					},
					"response": []
				},
				{
					"name": "Update Category",
					"request": {
						"method": "PUT",
						"header": [],
						"body": {
							"mode": "raw",
							"raw": "{\n    \"categoryType\":\"ELECTRONICS\",\n    \"Description\":\"Laptops\"\n}",
							"options": {
								"raw": {
									"language": "json"
								}
							}
						},
						"url": "{{URL}}/category/updateCategory/1"
					},
					"response": []
				},
				{
					"name": "Delete Category",
					"request": {
						"method": "GET",
						"header": [],
						"url": "{{URL}}/category/addCategory/1"
					},
					"response": []
				}
			]
		}
	],
	"event": [
		{
			"listen": "prerequest",
			"script": {
				"type": "text/javascript",
				"packages": {},
				"exec": [
					""
				]
			}
		},
		{
			"listen": "test",
			"script": {
				"type": "text/javascript",
				"packages": {},
				"exec": [
					""
				]
			}
		}
	],
	"variable": [
		{
			"key": "URL",
			"value": "http://localhost:8082",
			"type": "string"
		}
	]
}